Sample,Total_reads,Ages,ProkGAP_CPM,ProkGAP,EukGAP_CPM,EukGAP,preclass_EukGAP_CPM,pre-class EukGAP,preclass_ProkGAP_CPM,pre-class ProkGAP,Description
BH194L-3_S25_210810_A00902_B_L002_APMG-38-1,69869701,76,1000000,39546717,1000000,33710507,1000000,1927714,1000000,38771069,Non_redundant_gene_catalog_abundance_no_annotation
BH194L-4_S16_BH194L-4_S17,73345279,264,1000000,38591598,1000000,31719083,1000000,2758180,1000000,36980828,Non_redundant_gene_catalog_abundance_no_annotation
BH194L-6_S26_210810_A00902_B_L002_APMG-38-2,70059904,724,1000000,39991005,1000000,34903016,1000000,2580071,1000000,39194386,Non_redundant_gene_catalog_abundance_no_annotation
BH194L-7_S17_BH194L-7_S18,75567314,1212,1000000,40663619,1000000,35518994,1000000,2012035,1000000,40319006,Non_redundant_gene_catalog_abundance_no_annotation
BH195L-1_S27_210810_A00902_B_L002_APMG-38-3,75018894,1858,1000000,41980024,1000000,35488280,1000000,3402643,1000000,41434270,Non_redundant_gene_catalog_abundance_no_annotation
BH195L-2_S18_BH195L-2_S19,81572678,2504,1000000,44531613,1000000,37740354,1000000,3021270,1000000,43950754,Non_redundant_gene_catalog_abundance_no_annotation
JK109L-6_S31_210810_A00902_B_L002_APMG-38-10,34409617,3023,1000000,20265940,1000000,17363241,1000000,1513034,1000000,20033163,Non_redundant_gene_catalog_abundance_no_annotation
BH195L-3_S28_210810_A00902_B_L002_APMG-38-4,75383621,4381,1000000,39953758,1000000,30734689,1000000,2081927,1000000,38743949,Non_redundant_gene_catalog_abundance_no_annotation
BH195L-4_S29_210810_A00902_B_L002_APMG-38-5,77669842,5168,1000000,41664692,1000000,33936354,1000000,2768297,1000000,40834623,Non_redundant_gene_catalog_abundance_no_annotation
BH193L-1_S22_210810_A00902_B_L001_APMG-37-1,85167151,6400,1000000,51002797,1000000,42802198,1000000,2727511,1000000,50319249,Non_redundant_gene_catalog_abundance_no_annotation
BH193L-2_S20_BH193L-2_S19,96159253,6890,1000000,55998797,1000000,45663328,1000000,3475646,1000000,54441568,Non_redundant_gene_catalog_abundance_no_annotation
JK109L-5_S30_210810_A00902_B_L002_APMG-38-9,76578235,7562,1000000,42437181,1000000,35120503,1000000,1984194,1000000,42081416,Non_redundant_gene_catalog_abundance_no_annotation
BH193L-3_S20,55404138,8513,1000000,25372109,1000000,17908975,1000000,2215519,1000000,24573112,Non_redundant_gene_catalog_abundance_no_annotation
BH193L-4_S23_210810_A00902_B_L001_APMG-37-2,84128697,9190,1000000,42741144,1000000,31960855,1000000,2858343,1000000,41609616,Non_redundant_gene_catalog_abundance_no_annotation
JK081L-1_S1,30332795,9816,1000000,9457171,1000000,8057026,1000000,1161508,1000000,9036398,Non_redundant_gene_catalog_abundance_no_annotation
JK105L-6_S21,72843326,10091,1000000,32460108,1000000,22902520,1000000,3115210,1000000,30031236,Non_redundant_gene_catalog_abundance_no_annotation
JK081L-3_S3,32093487,10428,1000000,13430156,1000000,9886556,1000000,955891,1000000,13154066,Non_redundant_gene_catalog_abundance_no_annotation
BH193L-5_S24_210810_A00902_B_L001_APMG-37-3,59512804,11536,1000000,32356940,1000000,22875522,1000000,2608770,1000000,31114185,Non_redundant_gene_catalog_abundance_no_annotation
JK081L-4_S4,34384414,11791,1000000,13451200,1000000,10778812,1000000,613266,1000000,13391495,Non_redundant_gene_catalog_abundance_no_annotation
JK081L-2_S16_JK081L-2_S2,72378505,12992,1000000,25485844,1000000,17705933,1000000,2476376,1000000,23909573,Non_redundant_gene_catalog_abundance_no_annotation
JK115L-4_S23,50601027,13588,1000000,18355206,1000000,15210275,1000000,1607089,1000000,17863947,Non_redundant_gene_catalog_abundance_no_annotation
210810_A00902_B_L001_APMG-37-4,51745604,13746,1000000,25946893,1000000,20424639,1000000,1742143,1000000,25584781,Non_redundant_gene_catalog_abundance_no_annotation
JK109L-4_S21_JK109L-4_S22,107826224,13930,1000000,49961888,1000000,36997125,1000000,4014013,1000000,47563387,Non_redundant_gene_catalog_abundance_no_annotation
JK081L-6_S6,41725543,14020,1000000,12628216,1000000,10697020,1000000,1224440,1000000,12889842,Non_redundant_gene_catalog_abundance_no_annotation
210810_A00902_B_L002_APMG-38-8,37513854,14669,1000000,19724657,1000000,17218243,1000000,792766,1000000,19618402,Non_redundant_gene_catalog_abundance_no_annotation
JK081L-7_S7,33022585,14315,1000000,16304302,1000000,13959245,1000000,591317,1000000,15984281,Non_redundant_gene_catalog_abundance_no_annotation
210810_A00902_B_L002_APMG-38-7,38490334,15599,1000000,16177045,1000000,14391842,1000000,840581,1000000,15941484,Non_redundant_gene_catalog_abundance_no_annotation
JK081L-8_S8,29354342,15123,1000000,13068451,1000000,11182293,1000000,1269712,1000000,12595634,Non_redundant_gene_catalog_abundance_no_annotation
JK115L-2_S24,54729138,16541,1000000,26451391,1000000,22099656,1000000,1099769,1000000,25220647,Non_redundant_gene_catalog_abundance_no_annotation
210810_A00902_B_L002_APMG-38-15,57216051,16946,1000000,18008579,1000000,15297897,1000000,886225,1000000,17559520,Non_redundant_gene_catalog_abundance_no_annotation
JK081L-11_S11,38630733,17222,1000000,12712425,1000000,11005112,1000000,927322,1000000,12942310,Non_redundant_gene_catalog_abundance_no_annotation
210810_A00902_B_L001_APMG-37-11,34581597,17948,1000000,14217046,1000000,12755218,1000000,1428820,1000000,13483308,Non_redundant_gene_catalog_abundance_no_annotation
JK081L-9_S9,33943508,16084,1000000,13653634,1000000,11514977,1000000,1122564,1000000,13233479,Non_redundant_gene_catalog_abundance_no_annotation
210810_A00902_B_L001_APMG-37-10,34715456,18715,1000000,16922940,1000000,14673806,1000000,777895,1000000,16107109,Non_redundant_gene_catalog_abundance_no_annotation
JK081L-12_S12,31676790,19192,1000000,14548927,1000000,13125548,1000000,2600387,1000000,12408917,Non_redundant_gene_catalog_abundance_no_annotation
210810_A00902_B_L001_APMG-37-9,28868689,19593,1000000,10354620,1000000,9686110,1000000,1363473,1000000,9730295,Non_redundant_gene_catalog_abundance_no_annotation
BH194L-1_S25,45680365,20059,1000000,23585862,1000000,22427158,1000000,975106,1000000,23318250,Non_redundant_gene_catalog_abundance_no_annotation
210810_A00902_B_L001_APMG-37-8,37160479,20630,1000000,18311019,1000000,17519757,1000000,1390131,1000000,18038685,Non_redundant_gene_catalog_abundance_no_annotation
JK081L-13_S13,39572440,21068,1000000,16242921,1000000,11983070,1000000,1491262,1000000,15773309,Non_redundant_gene_catalog_abundance_no_annotation
210810_A00902_B_L001_APMG-37-7,33782968,21753,1000000,13550103,1000000,11934781,1000000,941534,1000000,13200523,Non_redundant_gene_catalog_abundance_no_annotation
BH194L-2_S26,26944799,22518,1000000,12857253,1000000,11809197,1000000,1377123,1000000,11779488,Non_redundant_gene_catalog_abundance_no_annotation
210810_A00902_B_L001_APMG-37-6,32950704,22982,1000000,13521381,1000000,12783243,1000000,664721,1000000,13287775,Non_redundant_gene_catalog_abundance_no_annotation
BH194L-3_S25_210810_A00902_B_L002_APMG-38-1,69869701,76,699808.0608,15342008.44,772175.5026,13256439.4,573264.7014,642523.537,688316.8592,14974525.82,eggNOG annotation
BH194L-4_S16_BH194L-4_S17,73345279,264,718044.1628,34685383.32,646159.1846,30289619.21,607725.4316,1486989.095,726446.4536,34573658.42,eggNOG annotation
BH194L-6_S26_210810_A00902_B_L002_APMG-38-2,70059904,724,704558.4497,34393822.04,743208.9946,30366349.36,654991.8156,2014758.036,761773.7864,34632698.27,eggNOG annotation
BH194L-7_S17_BH194L-7_S18,75567314,1212,581485.48,30398920.92,716965.5389,26491925.85,637376.0438,2048012.39,661370.2996,30123722.93,eggNOG annotation
BH195L-1_S27_210810_A00902_B_L002_APMG-38-3,75018894,1858,667630.2465,34394748.2,714907.2045,30031336.91,660095.2469,2501900.078,678359.4228,34217105.5,eggNOG annotation
BH195L-2_S18_BH195L-2_S19,81572678,2504,642077.5407,36338164.36,693744.9853,30953490.92,540978.3614,2217672.655,647075.0291,36135026.18,eggNOG annotation
JK109L-6_S31_210810_A00902_B_L002_APMG-38-10,34409617,3023,713461.8234,34060831.64,736171.3483,29109467.08,605604.6152,1430407.133,737169.6281,33855304.75,eggNOG annotation
BH195L-3_S28_210810_A00902_B_L002_APMG-38-4,75383621,4381,567130.9855,29719182.11,735860.0104,25487920.09,620329.2356,1530990.875,598223.1455,29593045.7,eggNOG annotation
BH195L-4_S29_210810_A00902_B_L002_APMG-38-5,77669842,5168,632641.779,33022250.14,732083.5681,28703658.39,655743.3705,2145284.501,647227.8513,32711546.25,eggNOG annotation
BH193L-1_S22_210810_A00902_B_L001_APMG-37-1,85167151,6400,694166.8854,42188426.82,725454.8328,36038415.94,666895.8792,2107119.766,703696.7832,41928950.63,eggNOG annotation
BH193L-2_S20_BH193L-2_S19,96159253,6890,641584.0692,44979009.45,697710.8914,37595165.86,541425.4338,2497784.837,656404.0674,44394851.05,eggNOG annotation
JK109L-5_S30_210810_A00902_B_L002_APMG-38-9,76578235,7562,560520.9787,33971652.89,667685.5114,29116737.16,444669.5829,1274487.09,562413.1876,33839756.38,eggNOG annotation
BH193L-3_S20,55404138,8513,503336.7007,17146483.27,726978.153,14947538.83,638757.0269,1664212.184,514980.9535,16861205.45,eggNOG annotation
BH193L-4_S23_210810_A00902_B_L001_APMG-37-2,84128697,9190,545681.9441,30366344.23,758592.5898,27079609.59,642319.5442,2125343.922,586602.2461,30411070,eggNOG annotation
JK081L-1_S1,30332795,9816,510730.5307,11323875.93,710469.2712,9938351.499,690387.8584,1174124.764,519615.9258,11097650.15,eggNOG annotation
JK105L-6_S21,72843326,10091,437637.0199,21163320.17,663942.9694,18689325.44,482129.6433,2112043.542,520835.1699,20924377.37,eggNOG annotation
JK081L-3_S3,32093487,10428,533882.4268,9516439.194,722119.1658,8221180.717,577442.9333,697120.105,541206.7695,9415356.001,eggNOG annotation
BH193L-5_S24_210810_A00902_B_L001_APMG-37-3,59512804,11536,547941.7746,22583552.7,737318.9397,19062124.74,609707.8295,1902099.842,535994.6792,21558575.51,eggNOG annotation
JK081L-4_S4,34384414,11791,644135.0572,11132903.77,753822.6981,9285887.155,460499.7247,387736.387,643231.3519,11100397.72,eggNOG annotation
JK081L-2_S16_JK081L-2_S2,72378505,12992,446606.6242,16981774.93,711879.008,14702036.34,526382.5159,1699243.545,505059.3867,16770296.16,eggNOG annotation
JK115L-4_S23,50601027,13588,554981.3599,14207019.86,618471.4527,12239737.79,191343.5885,530396.404,569179.493,14021872.24,eggNOG annotation
210810_A00902_B_L001_APMG-37-4,51745604,13746,595791.8965,19249386.78,690186.4041,17002293.58,394442.0028,1103916.324,602313.7693,19102785.01,eggNOG annotation
JK109L-4_S21_JK109L-4_S22,107826224,13930,576081.1405,36311715.74,755759.8543,31524912.96,559935.2523,2853248.228,601538.1168,35715898.75,eggNOG annotation
JK081L-6_S6,41725543,14020,694138.3471,10489670.93,623441.3032,8649467.09,206036.7265,473176.602,486515.336,9916274.896,eggNOG annotation
210810_A00902_B_L002_APMG-38-8,37513854,14669,683335.6694,17160730.78,745941.007,14899201.44,463892.9207,521495.266,660175.9982,17054670.87,eggNOG annotation
JK081L-7_S7,33022585,14315,693031.2774,14311832.75,720610.4638,12028446.48,303897.9346,275251.061,724545.1313,14289107.98,eggNOG annotation
210810_A00902_B_L002_APMG-38-7,38490334,15599,720714.5774,14023049.94,780867.7387,12762959.94,752190.9873,694775.442,735891.2309,13923134.36,eggNOG annotation
JK081L-8_S8,29354342,15123,750186.2669,11514735.18,591880.5686,9263959.552,268508.1004,634977.856,779861.7048,11321126.89,eggNOG annotation
JK115L-2_S24,54729138,16541,701980.5444,23068262.24,772623.4549,19445510.75,448463.2604,676410.728,646387.1617,22180112.61,eggNOG annotation
210810_A00902_B_L002_APMG-38-15,57216051,16946,596941.9494,17064587.92,772229.2351,15548904.43,615284.3814,1190275.809,687507.938,17013042.91,eggNOG annotation
JK081L-11_S11,38630733,17222,611795.5728,7553476.658,651227.7868,6711220.566,369832.0059,669347.974,635051.5713,7396095.809,eggNOG annotation
210810_A00902_B_L001_APMG-37-11,34581597,17948,733166.3135,12623827.36,733414.7033,11189892.74,590325.8427,1092293.102,791489.6561,12291805.12,eggNOG annotation
JK081L-9_S9,33943508,16084,526134.5866,10992306.99,651580.9782,9690390.881,464460.7094,746514.267,544114.7749,10928334.44,eggNOG annotation
210810_A00902_B_L001_APMG-37-10,34715456,18715,751715.4026,15085000.92,752226.866,12766968.58,486714.4022,512347.936,769808.5241,14582404.71,eggNOG annotation
JK081L-12_S12,31676790,19192,715764.5753,10908304.62,712482.5646,9376246.225,454693.3087,586191.995,538634.6594,10734987.62,eggNOG annotation
210810_A00902_B_L001_APMG-37-9,28868689,19593,771068.9148,9219974.566,571222.5055,7640389.446,195279.4414,453572.968,756532.3457,8649750.823,eggNOG annotation
BH194L-1_S25,45680365,20059,752256.6699,21690263.75,683038.0119,19013152.78,448395.9831,633124.572,761266.9843,21599073.32,eggNOG annotation
210810_A00902_B_L001_APMG-37-8,37160479,20630,816499.8273,17059821.96,672157.6458,14979046.97,733819.2158,1191777.549,842201.1627,16953607.43,eggNOG annotation
JK081L-13_S13,39572440,21068,690817.2111,12735732.01,703923.2,11557864.28,755594.5884,2363505.558,762010.143,11455653.44,eggNOG annotation
210810_A00902_B_L001_APMG-37-7,33782968,21753,778938.9974,12421476.57,707101.7293,11017823.3,855617.8263,598598.322,805292.5553,12326826.42,eggNOG annotation
BH194L-2_S26,26944799,22518,542591.3141,11125170.97,811831.8352,10561900.69,612705.8803,706052.83,607778.6606,11203022.57,eggNOG annotation
210810_A00902_B_L001_APMG-37-6,32950704,22982,739244.537,11549155.98,704688.943,10153171.74,529227.1844,1077150.708,792903.9439,10939558.05,eggNOG annotation
BH194L-3_S25_210810_A00902_B_L002_APMG-38-1,69869701,76,8953.322273,176538.019,15351.15762,254893.119,26930.03007,39707.52,7675.808941,143299.359,Eukaryota_OGs_Annotation
BH194L-4_S16_BH194L-4_S17,73345279,264,7557.987536,331076.291,12274.48531,612486.723,23320.67385,73830.918,6549.445761,279687.074,Eukaryota_OGs_Annotation
BH194L-6_S26_210810_A00902_B_L002_APMG-38-2,70059904,724,7337.62206,306463.906,14269.40512,615998.321,20827.16651,69455.874,6716.320836,264547.676,Eukaryota_OGs_Annotation
BH194L-7_S17_BH194L-7_S18,75567314,1212,7409.329573,326386.193,15765.90057,562432.657,26777.37786,88575.726,6923.433679,274637.909,Eukaryota_OGs_Annotation
BH195L-1_S27_210810_A00902_B_L002_APMG-38-3,75018894,1858,8968.375712,423204.338,15402.02065,618431.546,33069.72937,129106.178,7249.051986,332390.262,Eukaryota_OGs_Annotation
BH195L-2_S18_BH195L-2_S19,81572678,2504,7235.333767,363211.094,15091.37518,719780.042,26428.22144,105142.16,5475.434324,280377.509,Eukaryota_OGs_Annotation
JK109L-6_S31_210810_A00902_B_L002_APMG-38-10,34409617,3023,9543.530055,327716.201,16741.64327,616846.387,53607.04506,126345.251,5902.302813,203826.984,Eukaryota_OGs_Annotation
BH195L-3_S28_210810_A00902_B_L002_APMG-38-4,75383621,4381,10749.69268,448497.296,20328.04167,665718.04,67828.80613,184545.133,7349.902827,302431.711,Eukaryota_OGs_Annotation
BH195L-4_S29_210810_A00902_B_L002_APMG-38-5,77669842,5168,9287.774257,413258.07,17634.07329,668112.191,45660.96456,158882.633,7046.011658,307894.095,Eukaryota_OGs_Annotation
BH193L-1_S22_210810_A00902_B_L001_APMG-37-1,85167151,6400,6716.922272,324713.249,13231.25963,685975.903,26444.79276,80652.36,5309.30128,257003.129,Eukaryota_OGs_Annotation
BH193L-2_S20_BH193L-2_S19,96159253,6890,7299.262676,388952.271,13896.62091,739632.943,24662.1358,105473.406,5318.82815,286974.558,Eukaryota_OGs_Annotation
JK109L-5_S30_210810_A00902_B_L002_APMG-38-9,76578235,7562,5276.735234,252938.732,12917.86633,580247.153,24646.46219,70216.347,4293.1518,206833.822,Eukaryota_OGs_Annotation
BH193L-3_S20,55404138,8513,8537.234537,251354.694,16805.36127,316019.067,31128.23138,77102.94,6804.9595,201040.133,Eukaryota_OGs_Annotation
BH193L-4_S23_210810_A00902_B_L001_APMG-37-2,84128697,9190,15482.89709,632785.153,23608.42017,668410.474,63047.62277,205224.583,10210.46105,424916.61,Eukaryota_OGs_Annotation
JK081L-1_S1,30332795,9816,11160.52936,217489.252,22267.80662,267931.566,59355.86439,96510.216,9458.285869,175334.711,Eukaryota_OGs_Annotation
JK105L-6_S21,72843326,10091,9710.371724,422532.772,21158.0861,503189.169,45419.80735,199769.501,9120.307209,329560.988,Eukaryota_OGs_Annotation
JK081L-3_S3,32093487,10428,12089.29236,193310.391,22078.27991,216947.25,61478.23539,76251.394,8858.126731,138226.333,Eukaryota_OGs_Annotation
BH193L-5_S24_210810_A00902_B_L001_APMG-37-3,59512804,11536,9219.387332,353336.421,17843.46369,434826.058,30916.50555,98022.955,7581.447642,288938.781,Eukaryota_OGs_Annotation
JK081L-4_S4,34384414,11791,8144.687889,115589.142,16852.9944,196696.774,28022.04617,23319.263,6741.018934,100612.196,Eukaryota_OGs_Annotation
JK081L-2_S16_JK081L-2_S2,72378505,12992,9560.05356,296700.596,23727.4796,385886.663,59094.13365,189385.254,8149.306013,225768.752,Eukaryota_OGs_Annotation
JK115L-4_S23,50601027,13588,9301.100888,182172.026,15463.46882,277480.219,17306.82209,47917.446,7776.809047,151906.297,Eukaryota_OGs_Annotation
210810_A00902_B_L001_APMG-37-4,51745604,13746,8567.74978,246133.762,14170.82812,325934.106,19028.82581,54860.521,7227.012086,204178.99,Eukaryota_OGs_Annotation
JK109L-4_S21_JK109L-4_S22,107826224,13930,9914.620558,540365.567,18965.9347,685622.437,36234.70474,185223.649,8548.086603,446692.019,Eukaryota_OGs_Annotation
JK081L-6_S6,41725543,14020,15070.17629,172098.207,20564.73926,245259.597,29669.1847,71391.137,8575.647877,131018.521,Eukaryota_OGs_Annotation
210810_A00902_B_L002_APMG-38-8,37513854,14669,20262.13626,366747.04,30580.20158,559038.025,115035.1394,141100.394,15307.96381,300717.785,Eukaryota_OGs_Annotation
JK081L-7_S7,33022585,14315,7896.213315,134755.093,15511.66486,267171.718,32142.28219,36404.665,6230.259999,101626.494,Eukaryota_OGs_Annotation
210810_A00902_B_L002_APMG-38-7,38490334,15599,13555.79437,164831.407,20967.4998,262047.836,73968.85465,78921.608,10390.2413,126840.755,Eukaryota_OGs_Annotation
JK081L-8_S8,29354342,15123,38505.34641,377082.437,37754.7777,404314.007,73322.82283,182914.466,22129.61328,211783.986,Eukaryota_OGs_Annotation
JK115L-2_S24,54729138,16541,13214.1189,284328.727,20063.08605,491581.821,49320.93565,81169.109,7580.605041,179342.576,Eukaryota_OGs_Annotation
210810_A00902_B_L002_APMG-38-15,57216051,16946,8751.029624,178830.73,16445.40271,286443.112,25635.19662,49539.574,7989.29086,148479.705,Eukaryota_OGs_Annotation
JK081L-11_S11,38630733,17222,41253.30413,340632.041,52272.00897,385846.731,111953.2028,207033.854,30611.99284,243549.2,Eukaryota_OGs_Annotation
210810_A00902_B_L001_APMG-37-11,34581597,17948,99927.17963,1175133.38,117230.5063,1314681.259,358220.0878,694880.475,80240.25357,880740.983,Eukaryota_OGs_Annotation
JK081L-9_S9,33943508,16084,23882.21075,313577.83,37767.21107,398941.832,125255.761,202033.009,17020.42863,221158.808,Eukaryota_OGs_Annotation
210810_A00902_B_L001_APMG-37-10,34715456,18715,13782.41916,179806.855,21337.27912,272912.879,76315.71811,83922.499,11104.99518,139695.791,Eukaryota_OGs_Annotation
JK081L-12_S12,31676790,19192,17560.06313,194035.959,26166.93116,292419.906,66016.04718,88310.763,10194.30642,153139.08,Eukaryota_OGs_Annotation
210810_A00902_B_L001_APMG-37-9,28868689,19593,18782.31143,157892.256,22301.47357,254210.758,31078.93422,74575.096,15442.27965,122972.359,Eukaryota_OGs_Annotation
BH194L-1_S25,45680365,20059,15250.01752,248821.986,21754.26658,485098.797,94203.68552,141099.873,10850.87387,182924.795,Eukaryota_OGs_Annotation
210810_A00902_B_L001_APMG-37-8,37160479,20630,23502.41822,276320.915,27739.35368,406852.774,118910.8534,178640.64,16856.27467,197193.09,Eukaryota_OGs_Annotation
JK081L-13_S13,39572440,21068,119092.3338,1704736.714,109344.9891,1858059.267,412664.4371,1697570.714,50239.88499,438618.263,Eukaryota_OGs_Annotation
210810_A00902_B_L001_APMG-37-7,33782968,21753,27008.64325,235323.497,32548.20071,326977.806,204077.6955,159926.103,19138.70173,163208.918,Eukaryota_OGs_Annotation
BH194L-2_S26,26944799,22518,15536.71179,224921.8,28501.03806,322649.514,94762.07341,112825.821,12759.48821,172554.681,Eukaryota_OGs_Annotation
210810_A00902_B_L001_APMG-37-6,32950704,22982,70126.37831,833490.208,68804.05118,967015.127,274366.3459,759696.47,34689.75247,297305.9,Eukaryota_OGs_Annotation
BH194L-3_S25_210810_A00902_B_L002_APMG-38-1,69869701,76,690854.7385,15165470.43,756824.345,13001546.28,546334.6713,602816.017,680641.0502,14831226.46,Prokaryota_OGs_Annotation
BH194L-4_S16_BH194L-4_S17,73345279,264,710486.1753,34354307.03,633884.6993,29677132.49,584404.7578,1413158.177,719897.0078,34293971.34,Prokaryota_OGs_Annotation
BH194L-6_S26_210810_A00902_B_L002_APMG-38-2,70059904,724,697220.8276,34087358.13,728939.5895,29750351.04,634164.6491,1945302.162,755057.4656,34368150.6,Prokaryota_OGs_Annotation
BH194L-7_S17_BH194L-7_S18,75567314,1212,574076.1504,30072534.73,701199.6383,25929493.19,610598.666,1959436.664,654446.866,29849085.02,Prokaryota_OGs_Annotation
BH195L-1_S27_210810_A00902_B_L002_APMG-38-3,75018894,1858,658661.8708,33971543.86,699505.1838,29412905.36,627025.5176,2372793.9,671110.3708,33884715.24,Prokaryota_OGs_Annotation
BH195L-2_S18_BH195L-2_S19,81572678,2504,634842.2069,35974953.26,678653.6101,30233710.88,514550.14,2112530.495,641599.5947,35854648.67,Prokaryota_OGs_Annotation
JK109L-6_S31_210810_A00902_B_L002_APMG-38-10,34409617,3023,703918.2933,33733115.43,719429.7051,28492620.69,551997.5701,1304061.882,731267.3252,33651477.76,Prokaryota_OGs_Annotation
BH195L-3_S28_210810_A00902_B_L002_APMG-38-4,75383621,4381,556381.2928,29270684.82,715531.9687,24822202.05,552500.4295,1346445.742,590873.2427,29290613.99,Prokaryota_OGs_Annotation
BH195L-4_S29_210810_A00902_B_L002_APMG-38-5,77669842,5168,623354.0047,32608992.07,714449.4948,28035546.2,610082.406,1986401.868,640181.8396,32403652.15,Prokaryota_OGs_Annotation
BH193L-1_S22_210810_A00902_B_L001_APMG-37-1,85167151,6400,687449.9631,41863713.57,712223.5732,35352440.04,640451.0865,2026467.406,698387.4819,41671947.5,Prokaryota_OGs_Annotation
BH193L-2_S20_BH193L-2_S19,96159253,6890,634284.8065,44590057.18,683814.2705,36855532.92,516763.298,2392311.431,651085.2392,44107876.49,Prokaryota_OGs_Annotation
JK109L-5_S30_210810_A00902_B_L002_APMG-38-9,76578235,7562,555244.2435,33718714.16,654767.645,28536490.01,420023.1207,1204270.743,558120.0358,33632922.55,Prokaryota_OGs_Annotation
BH193L-3_S20,55404138,8513,494799.4662,16895128.58,710172.7918,14631519.76,607628.7956,1587109.244,508175.994,16660165.32,Prokaryota_OGs_Annotation
BH193L-4_S23_210810_A00902_B_L001_APMG-37-2,84128697,9190,530199.047,29733559.08,734984.1696,26411199.12,579271.9214,1920119.339,576391.785,29986153.39,Prokaryota_OGs_Annotation
JK081L-1_S1,30332795,9816,499570.0013,11106386.68,688201.4646,9670419.933,631031.994,1077614.548,510157.6399,10922315.43,Prokaryota_OGs_Annotation
JK105L-6_S21,72843326,10091,427926.6482,20740787.4,642784.8833,18186136.27,436709.8359,1912274.041,511714.8627,20594816.38,Prokaryota_OGs_Annotation
JK081L-3_S3,32093487,10428,521793.1344,9323128.803,700040.8859,8004233.467,515964.698,620868.711,532348.6428,9277129.668,Prokaryota_OGs_Annotation
BH193L-5_S24_210810_A00902_B_L001_APMG-37-3,59512804,11536,538722.3873,22230216.28,719475.476,18627298.68,578791.324,1804076.887,528413.2315,21269636.73,Prokaryota_OGs_Annotation
JK081L-4_S4,34384414,11791,635990.3693,11017314.63,736969.7037,9089190.381,432477.6785,364417.124,636490.333,10999785.52,Prokaryota_OGs_Annotation
JK081L-2_S16_JK081L-2_S2,72378505,12992,437046.5706,16685074.33,688151.5284,14316149.67,467288.3823,1509858.291,496910.0806,16544527.4,Prokaryota_OGs_Annotation
JK115L-4_S23,50601027,13588,545680.259,14024847.83,603007.9839,11962257.57,174036.7664,482478.958,561402.6839,13869965.95,Prokaryota_OGs_Annotation
210810_A00902_B_L001_APMG-37-4,51745604,13746,587224.1467,19003253.02,676015.576,16676359.47,375413.177,1049055.803,595086.7573,18898606.02,Prokaryota_OGs_Annotation
JK109L-4_S21_JK109L-4_S22,107826224,13930,566166.52,35771350.17,736793.9196,30839290.53,523700.5476,2668024.579,592990.0302,35269206.73,Prokaryota_OGs_Annotation
JK081L-6_S6,41725543,14020,679068.1708,10317572.72,602876.5639,8404207.493,176367.5418,401785.465,477939.6882,9785256.375,Prokaryota_OGs_Annotation
210810_A00902_B_L002_APMG-38-8,37513854,14669,663073.5331,16793983.74,715360.8054,14340163.42,348857.7813,380394.872,644868.0344,16753953.09,Prokaryota_OGs_Annotation
JK081L-7_S7,33022585,14315,685135.0641,14177077.66,705098.7989,11761274.76,271755.6524,238846.396,718314.8713,14187481.49,Prokaryota_OGs_Annotation
210810_A00902_B_L002_APMG-38-7,38490334,15599,707158.783,13858218.53,759900.2389,12500912.1,678222.1327,615853.834,725500.9896,13796293.6,Prokaryota_OGs_Annotation
JK081L-8_S8,29354342,15123,711680.9205,11137652.74,554125.7909,8859645.545,195185.2776,452063.39,757732.0915,11109342.91,Prokaryota_OGs_Annotation
JK115L-2_S24,54729138,16541,688766.4255,22783933.51,752560.3689,18953928.93,399142.3248,595241.619,638806.5566,22000770.03,Prokaryota_OGs_Annotation
210810_A00902_B_L002_APMG-38-15,57216051,16946,588190.9198,16885757.19,755783.8324,15262461.32,589649.1848,1140736.235,679518.6471,16864563.21,Prokaryota_OGs_Annotation
JK081L-11_S11,38630733,17222,570542.2687,7212844.617,598955.7779,6325373.835,257878.8032,462314.12,604439.5785,7152546.609,Prokaryota_OGs_Annotation
210810_A00902_B_L001_APMG-37-11,34581597,17948,633239.1338,11448693.98,616184.1969,9875211.482,232105.7549,397412.627,711249.4025,11411064.14,Prokaryota_OGs_Annotation
JK081L-9_S9,33943508,16084,502252.3759,10678729.16,613813.7671,9291449.049,339204.9483,544481.258,527094.3462,10707175.63,Prokaryota_OGs_Annotation
210810_A00902_B_L001_APMG-37-10,34715456,18715,737932.9834,14905194.07,730889.5869,12494055.7,410398.6841,428425.437,758703.5289,14442708.92,Prokaryota_OGs_Annotation
JK081L-12_S12,31676790,19192,698204.5122,10714268.66,686315.6335,9083826.319,388677.2615,497881.232,528440.353,10581848.54,Prokaryota_OGs_Annotation
210810_A00902_B_L001_APMG-37-9,28868689,19593,752286.6034,9062082.31,548921.0319,7386178.688,164200.5072,378997.872,741090.0661,8526778.464,Prokaryota_OGs_Annotation
BH194L-1_S25,45680365,20059,737006.6524,21441441.77,661283.7453,18528053.98,354192.2976,492024.699,750416.1104,21416148.53,Prokaryota_OGs_Annotation
210810_A00902_B_L001_APMG-37-8,37160479,20630,792997.4091,16783501.05,644418.2921,14572194.2,614908.3624,1013136.909,825344.888,16756414.34,Prokaryota_OGs_Annotation
JK081L-13_S13,39572440,21068,571724.8772,11030995.3,594578.211,9699805.014,342930.1513,665934.844,711770.258,11017035.18,Prokaryota_OGs_Annotation
210810_A00902_B_L001_APMG-37-7,33782968,21753,751930.3542,12186153.08,674553.5286,10690845.49,651540.1307,438672.219,786153.8536,12163617.5,Prokaryota_OGs_Annotation
BH194L-2_S26,26944799,22518,527054.6023,10900249.17,783330.7971,10239251.18,517943.8069,593227.009,595019.1724,11030467.89,Prokaryota_OGs_Annotation
210810_A00902_B_L001_APMG-37-6,32950704,22982,669118.1587,10715665.77,635884.8918,9186156.612,254860.8386,317454.238,758214.1914,10642252.15,Prokaryota_OGs_Annotation
BH194L-3_S25_210810_A00902_B_L002_APMG-38-1,69869701,76,4283.379758,78009.476,5500.361024,87860.203,9321.011923,14834.392,3813.070346,67166.839,Eukaryota_KOs_Annotation
BH194L-4_S16_BH194L-4_S17,73345279,264,3374.18481,129075.996,4054.214132,191199.9,8194.757109,22845.895,3020.052892,114487.802,Eukaryota_KOs_Annotation
BH194L-6_S26_210810_A00902_B_L002_APMG-38-2,70059904,724,3265.812832,121153.005,4563.880008,183218.865,8528.969617,29067.827,3092.293229,106044.833,Eukaryota_KOs_Annotation
BH194L-7_S17_BH194L-7_S18,75567314,1212,3526.725243,146769.129,5235.117636,163675.698,12017.57007,41370.838,3334.454931,126355.181,Eukaryota_KOs_Annotation
BH195L-1_S27_210810_A00902_B_L002_APMG-38-3,75018894,1858,4148.967263,175590.841,5469.064079,215950.063,12689.07692,44756.307,3350.563026,148600.6,Eukaryota_KOs_Annotation
BH195L-2_S18_BH195L-2_S19,81572678,2504,3369.585763,164347.372,5038.871319,233873.245,11318.94557,41019.188,2532.951514,133089.244,Eukaryota_KOs_Annotation
JK109L-6_S31_210810_A00902_B_L002_APMG-38-10,34409617,3023,4577.354331,140517.964,6231.491413,201049.785,26091.79369,53650.71,2793.327482,96520.453,Eukaryota_KOs_Annotation
BH195L-3_S28_210810_A00902_B_L002_APMG-38-4,75383621,4381,5109.598799,191188.396,8023.748736,234071.453,31798.58046,74107.647,3388.856154,138341.937,Eukaryota_KOs_Annotation
BH195L-4_S29_210810_A00902_B_L002_APMG-38-5,77669842,5168,4300.063013,170318.266,6337.237649,218190.963,20027.85653,61441.343,3254.307996,135724.829,Eukaryota_KOs_Annotation
BH193L-1_S22_210810_A00902_B_L001_APMG-37-1,85167151,6400,3256.408882,166503.372,4871.288303,240887.825,12211.76008,38041.135,2414.136877,126850.999,Eukaryota_KOs_Annotation
BH193L-2_S20_BH193L-2_S19,96159253,6890,3542.656039,192410.744,5105.723112,248170.862,12022.43944,51099.85,2338.515214,133302.834,Eukaryota_KOs_Annotation
JK109L-5_S30_210810_A00902_B_L002_APMG-38-9,76578235,7562,2521.266529,130374.71,4484.333355,201671.293,9886.05554,30430.953,1974.55443,105236.356,Eukaryota_KOs_Annotation
BH193L-3_S20,55404138,8513,4029.015744,122898.649,6506.927336,127194.288,13763.53149,35686.384,3159.143128,99813.019,Eukaryota_KOs_Annotation
BH193L-4_S23_210810_A00902_B_L001_APMG-37-2,84128697,9190,8092.763393,317950.834,10556.69535,282401.338,29691.64639,92762.758,5047.534755,209650.822,Eukaryota_KOs_Annotation
JK081L-1_S1,30332795,9816,4469.422246,92276.603,7277.147017,99405.294,19570.13932,33019.892,4007.793912,80686.577,Eukaryota_KOs_Annotation
JK105L-6_S21,72843326,10091,4125.958636,185289.36,7151.35554,191814.207,16089.71924,73237.336,4029.598044,156178.83,Eukaryota_KOs_Annotation
JK081L-3_S3,32093487,10428,6218.199578,109512.339,8910.781748,104681.623,27798.3042,37967.069,4438.021662,73130.774,Eukaryota_KOs_Annotation
BH193L-5_S24_210810_A00902_B_L001_APMG-37-3,59512804,11536,4427.112929,177145.099,7155.778514,177451.2,12812.50615,43179.089,3678.683959,150145.183,Eukaryota_KOs_Annotation
JK081L-4_S4,34384414,11791,3438.097426,46563.466,5400.192666,63947.153,7438.424445,6405.044,2933.025583,41069.542,Eukaryota_KOs_Annotation
JK081L-2_S16_JK081L-2_S2,72378505,12992,3859.945202,133969.431,7036.286462,132712.742,21385.33268,77381.797,3407.211568,109391.497,Eukaryota_KOs_Annotation
JK115L-4_S23,50601027,13588,3894.718029,80375.756,4955.082147,93388.951,4273.129868,12291.609,3464.76244,70449.527,Eukaryota_KOs_Annotation
210810_A00902_B_L001_APMG-37-4,51745604,13746,4144.811122,122177.422,5325.671089,122160.748,7615.089403,23058.366,3539.995025,105485.179,Eukaryota_KOs_Annotation
JK109L-4_S21_JK109L-4_S22,107826224,13930,4565.573229,256526.423,6564.42285,250524.602,14041.08087,77438.412,4053.408129,223317.01,Eukaryota_KOs_Annotation
JK081L-6_S6,41725543,14020,5594.702114,67252.57,6074.328216,77300.986,6636.121229,15314.2,3445.704656,55744.932,Eukaryota_KOs_Annotation
210810_A00902_B_L002_APMG-38-8,37513854,14669,8020.312756,147043.514,9035.225587,178811.717,33471.26345,34759.918,6556.663974,130760.916,Eukaryota_KOs_Annotation
JK081L-7_S7,33022585,14315,3160.126687,50827.607,4555.791713,82309.669,6167.790542,5628.46,2655.626862,44453.081,Eukaryota_KOs_Annotation
210810_A00902_B_L002_APMG-38-7,38490334,15599,4771.339924,62708.161,5893.211946,83257.24,17029.64967,17125.45,3894.603909,52125.664,Eukaryota_KOs_Annotation
JK081L-8_S8,29354342,15123,15199.38355,156506.951,12995.89528,148055.434,24028.89896,61497.144,8538.024149,89248.739,Eukaryota_KOs_Annotation
JK115L-2_S24,54729138,16541,3768.084138,90790.872,5777.53556,155931.521,11363.53351,17742.203,2987.61413,75695.771,Eukaryota_KOs_Annotation
210810_A00902_B_L002_APMG-38-15,57216051,16946,3759.996274,81665.739,5235.292344,103525.762,7105.500572,12850.416,3611.750866,71506.766,Eukaryota_KOs_Annotation
JK081L-11_S11,38630733,17222,11566.42291,110685.002,12045.98889,107547.956,20797.34974,36848.792,9363.846783,89493.04,Eukaryota_KOs_Annotation
210810_A00902_B_L001_APMG-37-11,34581597,17948,32084.49974,391854.358,28681.86114,375426.405,86853.88284,141716.55,28035.48422,332102.5,Eukaryota_KOs_Annotation
JK081L-9_S9,33943508,16084,6360.386697,99001.696,8181.779383,106580.821,21137.14293,32335.269,4893.28697,77396.402,Eukaryota_KOs_Annotation
210810_A00902_B_L001_APMG-37-10,34715456,18715,4596.652434,66538.181,5342.076144,78013.759,15487.87484,15960.502,4004.211961,56687.284,Eukaryota_KOs_Annotation
JK081L-12_S12,31676790,19192,6145.307246,74392.967,7215.871563,92454.099,14718.74673,18578.375,3851.241609,64342.299,Eukaryota_KOs_Annotation
210810_A00902_B_L001_APMG-37-9,28868689,19593,6419.900276,59864.031,6023.293538,79788.961,6821.389591,15269.568,5716.474093,51336.492,Eukaryota_KOs_Annotation
BH194L-1_S25,45680365,20059,4329.85061,82496.502,4677.194437,116765.641,16256.06613,22799.184,3284.977128,67479.033,Eukaryota_KOs_Annotation
210810_A00902_B_L001_APMG-37-8,37160479,20630,6142.996381,82346.692,5713.83372,108039.659,20599.67689,28812.608,4795.54699,66530.69,Eukaryota_KOs_Annotation
JK081L-13_S13,39572440,21068,43167.53064,660672.879,35091.40142,677853.94,130039.0125,601560.819,18902.19876,190089.268,Eukaryota_KOs_Annotation
210810_A00902_B_L001_APMG-37-7,33782968,21753,6924.512311,68483.348,6578.9935,87766.767,34513.45429,25169.416,5358.240033,54230.871,Eukaryota_KOs_Annotation
BH194L-2_S26,26944799,22518,4983.482163,80559.087,7373.056067,96662.035,20167.69817,22058.688,4388.048621,68031.75,Eukaryota_KOs_Annotation
210810_A00902_B_L001_APMG-37-6,32950704,22982,24864.10377,324398.844,20651.6547,333337.636,80945.20065,258756.11,12820.78316,129164.706,Eukaryota_KOs_Annotation
BH194L-3_S25_210810_A00902_B_L002_APMG-38-1,69869701,76,343109.5919,7649129.401,360465.0079,6347023.96,249948.4524,278029.384,345241.0676,7587510.796,Prokaryota_KOs_Annotation
BH194L-4_S16_BH194L-4_S17,73345279,264,357222.4058,17491784.95,295970.1074,14559715.23,272328.1019,660738.553,361462.765,17443649.84,Prokaryota_KOs_Annotation
BH194L-6_S26_210810_A00902_B_L002_APMG-38-2,70059904,724,361421.3512,17680071.29,335313.7346,14438608.99,299319.2593,909878.732,396154.921,17984892.68,Prokaryota_KOs_Annotation
BH194L-7_S17_BH194L-7_S18,75567314,1212,283820.0821,14956692.56,308188.3828,12018482.57,283140.6219,917242.973,317364.8101,14748395.99,Prokaryota_KOs_Annotation
BH195L-1_S27_210810_A00902_B_L002_APMG-38-3,75018894,1858,320124.6175,16878389.35,310785.5622,13899362.05,256682.2726,975097.9,326249.8587,16840162.96,Prokaryota_KOs_Annotation
BH195L-2_S18_BH195L-2_S19,81572678,2504,317639.79,18539242.01,297423.0974,14302471.82,206199.3031,864571.107,320450.6187,18463754.12,Prokaryota_KOs_Annotation
JK109L-6_S31_210810_A00902_B_L002_APMG-38-10,34409617,3023,366443.1895,18291281.01,337692.4162,14577190.63,223873.6683,540315.499,380699.1206,18247802.05,Prokaryota_KOs_Annotation
BH195L-3_S28_210810_A00902_B_L002_APMG-38-4,75383621,4381,270973.0827,14752185.61,310027.7002,11658215.69,207126.6321,527978.122,292097.1983,14884688.34,Prokaryota_KOs_Annotation
BH195L-4_S29_210810_A00902_B_L002_APMG-38-5,77669842,5168,304235.0644,16524864.02,315309.0249,13552661.41,238840.4892,813158.723,313708.5481,16450007.36,Prokaryota_KOs_Annotation
BH193L-1_S22_210810_A00902_B_L001_APMG-37-1,85167151,6400,341534.0366,22017570.35,316718.9809,17510981.35,275520.3971,907999.339,345164.9596,21888852.27,Prokaryota_KOs_Annotation
BH193L-2_S20_BH193L-2_S19,96159253,6890,298703.1989,22269509.09,286010.5236,17131362.95,213427.4146,1025475.651,307889.0635,22065163.08,Prokaryota_KOs_Annotation
JK109L-5_S30_210810_A00902_B_L002_APMG-38-9,76578235,7562,275794.9885,17670010.61,290552.7415,14053244.22,171363.8682,508665.459,277376.5471,17627599.41,Prokaryota_KOs_Annotation
BH193L-3_S20,55404138,8513,226612.254,7985811.526,301096.9827,6759940.874,240684.076,655263.994,227601.3875,7811832.599,Prokaryota_KOs_Annotation
BH193L-4_S23_210810_A00902_B_L001_APMG-37-2,84128697,9190,241312.8258,13954269.31,322799.421,12266743.31,236201.5935,791794.322,253068.922,13853960.99,Prokaryota_KOs_Annotation
JK081L-1_S1,30332795,9816,238623.7182,5455180.709,305544.2017,4622583.14,280434.8927,502180.631,239191.2536,5320644.751,Prokaryota_KOs_Annotation
JK105L-6_S21,72843326,10091,195398.1175,9724504.59,280152.3655,8425047.824,194673.6121,884756.684,231820.8736,9630059.134,Prokaryota_KOs_Annotation
JK081L-3_S3,32093487,10428,234563.2918,4145892.812,298385.5924,3442020.868,210965.0698,256010.509,238778.9216,4113395.703,Prokaryota_KOs_Annotation
BH193L-5_S24_210810_A00902_B_L001_APMG-37-3,59512804,11536,234894.5249,10106350.9,308530.4282,8742650.387,238219.2033,767638.792,239925.1047,10067441.7,Prokaryota_KOs_Annotation
JK081L-4_S4,34384414,11791,287420.4782,5290689.57,333055.468,4222048.455,193895.736,166178.794,276548.638,5200343.291,Prokaryota_KOs_Annotation
JK081L-2_S16_JK081L-2_S2,72378505,12992,204173.1409,8288392.647,306316.6008,6931348.263,198981.1401,673218.218,227743.8193,8184535.13,Prokaryota_KOs_Annotation
JK115L-4_S23,50601027,13588,272231.9077,7041219.487,273957.0485,5586899.178,76358.17353,218499.701,269826.3489,6866825.877,Prokaryota_KOs_Annotation
210810_A00902_B_L001_APMG-37-4,51745604,13746,284659.3075,9547631.241,302209.8187,8099394.03,161870.6053,466275.51,288570.1048,9495299.143,Prokaryota_KOs_Annotation
JK109L-4_S21_JK109L-4_S22,107826224,13930,269385.2198,17372572.59,331548.3915,14628980.14,231757.9852,1217136.835,277196.7745,16984302.1,Prokaryota_KOs_Annotation
JK081L-6_S6,41725543,14020,366471.6958,5523087.147,281937.7477,4066075.808,79716.49797,186371.962,239938.114,5043899.004,Prokaryota_KOs_Annotation
210810_A00902_B_L002_APMG-38-8,37513854,14669,330803.2372,8789110.741,331103.4208,7025191.656,152186.9229,167805.297,322081.8963,8770776.122,Prokaryota_KOs_Annotation
JK081L-7_S7,33022585,14315,332032.8356,7152359.753,319763.6174,5597553.92,115748.7994,102664.887,322907.7575,6975973.913,Prokaryota_KOs_Annotation
210810_A00902_B_L002_APMG-38-7,38490334,15599,378878.7267,7745076.124,386462.6864,6692040.948,394720.3835,331189.155,389177.4836,7715711.918,Prokaryota_KOs_Annotation
JK081L-8_S8,29354342,15123,420255.1535,6680667.003,272468.9154,4691401.327,87776.96849,202335.623,445848.417,6652960.697,Prokaryota_KOs_Annotation
JK115L-2_S24,54729138,16541,388473.4557,12982145.04,365842.2592,9866604.781,179226.4016,269540.871,329193.4717,12040987.66,Prokaryota_KOs_Annotation
210810_A00902_B_L002_APMG-38-15,57216051,16946,305984.93,9205987.709,374049.0077,8096199.901,276647.9833,546656.558,353940.1046,9199786.219,Prokaryota_KOs_Annotation
JK081L-11_S11,38630733,17222,292998.8998,3836669.155,288646.541,3201548.727,114788.4359,207422.527,304283.0097,3767825.081,Prokaryota_KOs_Annotation
210810_A00902_B_L001_APMG-37-11,34581597,17948,325604.3162,6305194.195,303634.4173,5334929.385,107157.5325,184241.087,365822.9543,6285389.716,Prokaryota_KOs_Annotation
JK081L-9_S9,33943508,16084,264464.6565,5906682.999,300348.0381,4850370.642,158020.1191,253573.178,268896.9126,5849248.741,Prokaryota_KOs_Annotation
210810_A00902_B_L001_APMG-37-10,34715456,18715,346819.4154,7626205.205,339270.7941,6207037.847,179972.2253,189902.524,379622.3254,7615779.634,Prokaryota_KOs_Annotation
JK081L-12_S12,31676790,19192,358118.8415,5880890.813,336606.5088,4724888.294,178830.5058,231896.444,264741.911,5762653.433,Prokaryota_KOs_Annotation
210810_A00902_B_L001_APMG-37-9,28868689,19593,357328.8272,4745955.508,267165.2066,3826918.089,73747.67237,171602.953,396028.8133,4753010.024,Prokaryota_KOs_Annotation
BH194L-1_S25,45680365,20059,374116.2612,11512874.02,294370.6782,9166128.512,153200.7196,219970.137,380596.1945,11497258.7,Prokaryota_KOs_Annotation
210810_A00902_B_L001_APMG-37-8,37160479,20630,408481.4581,9404129.746,313675.7825,7752473.589,291090.3341,506211.394,425208.2118,9392089.259,Prokaryota_KOs_Annotation
JK081L-13_S13,39572440,21068,302819.8303,6025752.734,278457.5762,4935520.365,159172.0147,331344.283,373153.841,6002839.382,Prokaryota_KOs_Annotation
210810_A00902_B_L001_APMG-37-7,26944799,21753,293499.6872,6190072.854,457426.207,5974414.864,250302.8136,287729.608,316483.3157,6124122.911,Prokaryota_KOs_Annotation
BH194L-2_S26,32950704,22518,365872.7312,6106141.899,303617.2178,4829080.746,114552.1788,146675.529,405132.913,6026163.093,Prokaryota_KOs_Annotation
210810_A00902_B_L001_APMG-37-6,33782968,22982,415923.5947,7021448.47,332840.2741,5732550.028,312589.7858,203516.41,435463.7917,7011792.517,Prokaryota_KOs_Annotation
